{
    "multi_multibranch": {
        "test_accuracy": 0.7340277777777777,
        "test_f1": 0.7298313174600928,
        "std_accuracy": 0.039197682754639133,
        "fold_accuracies": [
            0.6666666666666666,
            0.7395833333333334,
            0.7291666666666666,
            0.7465277777777778,
            0.7881944444444444
        ],
        "confusion_matrix": [
            [
                45,
                19,
                5,
                11,
                3,
                9,
                0,
                4
            ],
            [
                6,
                160,
                2,
                16,
                1,
                7,
                0,
                0
            ],
            [
                6,
                5,
                124,
                7,
                8,
                26,
                1,
                15
            ],
            [
                5,
                12,
                11,
                124,
                1,
                30,
                7,
                2
            ],
            [
                1,
                1,
                7,
                2,
                149,
                9,
                16,
                7
            ],
            [
                1,
                1,
                6,
                17,
                2,
                156,
                4,
                5
            ],
            [
                1,
                1,
                7,
                9,
                13,
                7,
                147,
                7
            ],
            [
                1,
                0,
                15,
                4,
                3,
                15,
                2,
                152
            ]
        ]
    }
}