{
    "fusion_multibranch_adv": {
        "testAccuracy": 0.5435000000000001,
        "testF1": 0.5378120146470426,
        "stdAccuracy": 0.049956647872597175,
        "foldAccuracies": [
            0.5133333333333333,
            0.55,
            0.62,
            0.5633333333333334,
            0.4708333333333333
        ],
        "confusionMatrix": [
            [
                37,
                25,
                6,
                19,
                1,
                5,
                3,
                0
            ],
            [
                15,
                132,
                6,
                28,
                0,
                5,
                6,
                0
            ],
            [
                9,
                8,
                80,
                12,
                22,
                32,
                18,
                11
            ],
            [
                12,
                46,
                13,
                54,
                8,
                26,
                32,
                1
            ],
            [
                2,
                4,
                11,
                2,
                125,
                17,
                29,
                2
            ],
            [
                3,
                12,
                18,
                26,
                12,
                105,
                11,
                5
            ],
            [
                1,
                4,
                7,
                19,
                19,
                8,
                129,
                5
            ],
            [
                4,
                1,
                19,
                8,
                5,
                16,
                14,
                125
            ]
        ]
    }
}